{
    "Departamentos": [
        {
            "idDep": 2,
            "nomDepartamento": "Cundinamarca",
            "Ciudades": [
                {
                    "idCiudad": 3,
                    "nomCiudad": "Bogot\u00e1",
                    "imagen": "bogota.jpg",
                    "coordenadas": {
                        "lat": 4,
                        "lon": 72
                    }
                },
                {
                    "idCiudad": 4,
                    "nomCiudad": "Cajic\u00e1",
                    "imagen": "cajica.jpg",
                    "coordenadas": {
                        "lat": 4,
                        "lon": 72
                    }
                }
            ]
        }
    ]
}