{"1007788706": {"Nombre": "Diego Palacio", "Telefono": "3222039907", "Genero": "M", "987654321": {"Tipo": 2, "Mes": 5, "A\u00f1o": 2051, "Codigo V": 753}, "123456789": {"Tipo": 2, "Mes": 5, "A\u00f1o": 2051, "Codigo V": 753}}, "1556677825": {"Nombre": "Juan Perez", "Telefono": "3445269947", "Genero": "M", "156": {"Tipo": 2, "Mes": 2, "A\u00f1o": 2050, "Codigo V": 123}}, "1335566925": {"Nombre": "Camila Fernandez", "Telefono": "3116549957", "Genero": "F", "12": {"Tipo": 3, "Mes": 6, "A\u00f1o": 2050, "Codigo V": 654}}}